ATCOCode,CrsRef
9100ABDARE,ABA
9100BRENTX,BCZ
9100ABDO,AUR
9100ABDVY,AVY
9100ABER,ABE
9100ABGLELE,AGL
9100ABRCYNS,ACY
9100ABRDEEN,ABD
9100ABRE,ABH
9100ABRGVNY,AGV
9100ABRYSTH,AYW
9100ABWD,ABW
9100ACBG,ACB
9100ACHANLT,AAT
9100ACHHSHL,ACH
9100ACHILCK,AUK
9100ACHNSHN,ACN
9100ACKLNGT,ACK
9100ACLE,ACL
9100ACOCKSG,ACG
9100ACRNGTN,ACR
9100ACTNCTL,ACC
9100ACTONML,AML
9100ADERLYP,ADD
9100ADIEWEL,ADW
9100ADISHAM,ADM
9100ADLC,ADC
9100ADLESTN,ASN
9100ADNL,ADL
9100ADWICK,AWK
9100AGHTNPH,AUG
9100AIGBURT,AIG
9100AINSDAL,ANS
9100AINTREE,AIN
9100AIRBLES,AIR
9100AIRDRIE,ADR
9100AIRP,APN
9100ALBNYPK,AYP
9100ALBRGHT,ALB
9100ALDEDGE,ALD
9100ALDMSTN,AMT
9100ALDRSHT,AHT
9100ALDTON,AGT
9100ALERTN,LPY
9100ALEXNDP,AAP
9100ALFRETN,ALF
9100ALLENSW,ALW
9100ALLOA,ALO
9100ALNESS,ASS
9100ALNMOTH,ALM
9100ALRESFD,ALR
9100ALSAGER,ASG
9100ALSHAM,AYH
9100ALTHORN,ALN
9100ALTNBRC,ABC
9100ALTON,AON
9100ALTPE,ALP
9100ALTRNHM,ALT
9100ALVCHRC,ALV
9100ALXANDR,ALX
9100ALXPD,AXP
9100AMBERGT,AMB
9100AMERSHM,AMR
9100AMLY,AMY
9100AMMANFD,AMF
9100ANCASTR,ANC
9100ANDOVER,ADV
9100ANDRSTN,AND
9100ANERLEY,ANZ
9100ANGELRD,AGR
9100ANGMRNG,ANG
9100ANNAN,ANN
9100ANSDELL,AFV
9100ANSL,ANL
9100APBY,APP
9100APDR,APD
9100APERLYB,APY
9100APLYBDG,APB
9100APPLEFD,APF
9100APSLEY,APS
9100ARBROTH,ARB
9100ARCHRAT,ART
9100ARDGAY,ARD
9100ARDLUI,AUI
9100ARDRSHB,ADS
9100ARDRSSB,ASB
9100ARDRSTN,ADN
9100ARDWICK,ADK
9100ARGYLST,AGS
9100ARISAIG,ARG
9100ARLSEY,ARL
9100ARMDALE,ARM
9100ARMTHWT,AWT
9100ARNSIDE,ARN
9100ARRAM,ARR
9100ARUNDEL,ARU
9100ASCOT,ACT
9100ASCTUWD,AUW
9100ASFDMSX,AFS
9100ASFIELD,ASF
9100ASHBRYS,ABY
9100ASHCHRC,ASC
9100ASHD,AHD
9100ASHFKY,AFK
9100ASHH,ASH
9100ASHLEY,ASY
9100ASHONUL,AHN
9100ASHURST,AHS
9100ASHVALE,AHV
9100ASHWELC,AWM
9100ASKAM,ASK
9100ASLCKTN,ALK
9100ASPLEYG,APG
9100ASPTRIA,ASP
9100ASTON,AST
9100ATADALE,ATT
9100ATHERTN,ATN
9100ATHRSTN,ATH
9100ATNBRO,ATB
9100ATTLBON,ATL
9100AUDLEYE,AUD
9100AVIEMRE,AVM
9100AVNCLFF,AVF
9100AVONMTH,AVN
9100AXMNSTR,AXM
9100AYLESFD,AYL
9100AYLSBRY,AYS
9100AYLSPWY,AVP
9100AYRR,AYR
9100BACHE,BAC
9100BAGE,BNA
9100BAGSHOT,BAG
9100BAILDON,BLD
9100BALCOMB,BAB
9100BALDOCK,BDK
9100BALHAM,BAL
9100BALISTN,BIO
9100BALLOCH,BHC
9100BALMOSS,BSI
9100BAMFORD,BAM
9100BANAVIE,BNV
9100BANGOR,BNG
9100BANSTED,BAD
9100BARASIE,BSS
9100BARELA,BAR
9100BARGOED,BGD
9100BARKING,BKG
9100BARLSTN,BRT
9100BARMING,BMG
9100BARNES,BNS
9100BAROW,BIF
9100BAROWOS,BWS
9100BARRY,BRY
9100BARRYDK,BYD
9100BARRYIS,BYI
9100BARWHVN,BAV
9100BASILDN,BSO
9100BATABAL,BBL
9100BATHSPA,BTH
9100BATLEY,BTL
9100BATRSPK,BAK
9100BATTLE,BAT
9100BAYFORD,BAY
9100BCHGRV,BCG
9100BCKNHMH,BEC
9100BCKNHMJ,BKJ
9100BCKNMJC,BKJ
9100BCKWATR,BAW
9100BCKY,BCK
9100BCNGNOS,BCH
9100BCNSFLD,BCF
9100BCSTN,BCS
9100BCSTRTN,BIT
9100BCWD,BWO
9100BDHMPTN,BDH
9100BDMNSTR,BMT
9100BDSTON,BID
9100BEARLEY,BER
9100BEASDAL,BSL
9100BEAULY,BEL
9100BEBNGTN,BEB
9100BECCLES,BCC
9100BEDFDM,BDM
9100BEDWRTH,BEH
9100BEDYN,BDW
9100BEKSBRN,BKS
9100BELM,BLM
9100BELNGHM,BGM
9100BELPER,BLP
9100BELVEDR,BVD
9100BEMPTON,BEM
9100BENFLET,BEF
9100BEREALS,BAS
9100BEREFRS,BFE
9100BERKHMD,BKM
9100BERMPRK,BEP
9100BERRYB,BBW
9100BERWICK,BRK
9100BESCRLA,BES
9100BESJOHN,BSJ
9100BESTON,BEE
9100BETSYCD,BYC
9100BEVERLY,BEV
9100BEXHILL,BEX
9100BEXLEY,BXY
9100BGLAN,BAJ
9100BGOALAN,BEA
9100BGRN,BTG
9100BHAMINT,BHI
9100BHAMJEW,JEQ
9100BHAMMRS,BMO
9100BHAMNWS,BHM
9100BHAMSNH,BSW
9100BHILLPK,BHK
9100BICKLEY,BKL
9100BIGLSWD,BIW
9100BILBROK,BBK
9100BILERCY,BIC
9100BILSHST,BIG
9100BINGHAM,BIN
9100BIRCHWD,BWD
9100BIRKBCK,BIK
9100BISHPTN,BPT
9100BISLND,BTS
9100BITERNE,BTE
9100BKDLE,BDL
9100BKHLS,BHS
9100BKNELL,BUK
9100BKNHRST,BCU
9100BKSWELL,BKW
9100BLAENAU,BFF
9100BLAIRHL,BAI
9100BLAKEDN,BKD
9100BLANTYR,BLT
9100BLARATH,BLA
9100BLAYDON,BLO
9100BLCHSRD,BHO
9100BLCKPB,BPB
9100BLCKPLN,BPN
9100BLCKS,BPS
9100BLEASBY,BSB
9100BLFR,BFR
9100BLGRVE,BLG
9100BLIEURD,BEU
9100BLKB,BBN
9100BLKHTH,BKH
9100BLKRDGE,BKR
9100BLKST,BKT
9100BLLVUE,BLV
9100BLNDLAC,BLN
9100BLNGHM,BIL
9100BLOXN,BWN
9100BLOXWCH,BLX
9100BLRD,BLK
9100BLSHL,BLH
9100BLTCHLY,BLY
9100BLTNODR,BTD
9100BLTRNAB,BEG
9100BLYBDGE,BYB
9100BMBRBDG,BMB
9100BMHL,BML
9100BMLY,BMY
9100BNBR,BAN
9100BNDON,BND
9100BNGY,BIY
9100BNHAM,BNM
9100BNHL,BNL
9100BNKHALL,BAH
9100BNRHYDN,BEY
9100BNSBDGE,BNI
9100BNSD,BUD
9100BNSLY,BNY
9100BNTBY,BTB
9100BNTEY,BTY
9100BNTFORD,BFD
9100BNTHAM,BEN
9100BNWK,BRW
9100BODMNPW,BOD
9100BODORGN,BOR
9100BOGNORR,BOG
9100BOGSTON,BGS
9100BOLTON,BON
9100BOMO,BMH
9100BOOKHAM,BKA
9100BOORCHY,BRO
9100BOOTLE,BOC
9100BOOTLNS,BNW
9100BOOTLOR,BOT
9100BORNEND,BNE
9100BORTH,BRH
9100BORWGAW,BRG
9100BOSHAM,BOH
9100BOSTON,BSN
9100BOTESFD,BTF
9100BOTLEY,BOE
9100BOURNVL,BRV
9100BOWBRKH,BWB
9100BOWESPK,BOP
9100BOWLING,BWG
9100BOXHAWH,BXW
9100BRACKNL,BCE
9100BRADFS,BDQ
9100BRADIN,BDI
9100BRAINFP,BTP
9100BRAINTR,BTR
9100BRAMPTN,BRP
9100BRANKSM,BSM
9100BRBM,BDB
9100BRBY,BSY
9100BRBYPK,BSP
9100BRDFDOA,BOA
9100BRDGWTR,BWT
9100BRDING,BDN
9100BRDLNGT,BDT
9100BRDNML,BLL
9100BRDS,BBS
9100BREDBRY,BDY
9100BREICH,BRC
9100BRFRY,BYF
9100BRFT,BMF
9100BRGDDIE,BGI
9100BRGEND,BGN
9100BRGG,BGG
9100BRGHLRD,LRB
9100BRGHTN,BTN
9100BRHD,BRR
9100BRHM,BAA
9100BRHOUSE,BGH
9100BRIDGTN,BDG
9100BRIERFL,BRF
9100BRIMSDN,BMD
9100BRITFRY,BNF
9100BRITHDR,BHD
9100BRIXTON,BRX
9100BRKMNPK,BPK
9100BRKNCPK,CNP
9100BRKNHDC,BKC
9100BRKNHDN,BKN
9100BRKNHDP,BKP
9100BRKWOOD,BKO
9100BRLANDS,BRS
9100BRLEYPK,BUY
9100BRMB,BOM
9100BRMBRK,BMR
9100BRMCRSS,BMC
9100BRMLYSR,BLE
9100BRMOUTH,BRM
9100BRMPTNC,BMP
9100BRMSGRV,BMV
9100BRNCHTN,BCN
9100BRNGTN,BNT
9100BRNHRST,BNH
9100BRNMONC,BUU
9100BRNSTPL,BNP
9100BRNYARM,BYA
9100BROADGR,BGE
9100BROCKLY,BCY
9100BROMLYN,BMN
9100BROMLYS,BMS
9100BROOME,BME
9100BRORA,BRA
9100BROUGH,BUH
9100BROXBRN,BXB
9100BRRHL,BRL
9100BRRYLNK,BYL
9100BRSCGHB,BCB
9100BRSCGHJ,BCJ
9100BRSDE,BUI
9100BRSR,BSR
9100BRSTLTM,BRI
9100BRSTPWY,BPW
9100BRTHMBR,BAU
9100BRTJYC,BUJ
9100BRTWOOD,BRE
9100BRUCGRV,BCV
9100BRUNDAL,BDA
9100BRUNDLG,BGA
9100BRUSTAN,BSU
9100BRUTON,BRU
9100BRWCKUT,BWK
9100BRWHINS,BNR
9100BRYN,BYN
9100BRYSTNS,BYS
9100BSAUKLD,BIA
9100BSAUWEA,BIA
9100BSCTSTA,BSC
9100BSDN,BRN
9100BSHB,BBG
9100BSHPSFD,BIS
9100BSNGSTK,BSK
9100BSPSLYD,BIB
9100BSSN,BIP
9100BSTD,BSD
9100BSTEDMS,BSE
9100BTCHWTH,BTO
9100BTHGATE,BHG
9100BTHNLGR,BET
9100BTLRSLA,BUL
9100BTLSBDG,BLB
9100BTLYSY,BYK
9100BTRSBY,BTT
9100BUCKNHM,BUC
9100BUGLE,BGL
9100BUILTHR,BHR
9100BULWELL,BLW
9100BURES,BUE
9100BURGESH,BUG
9100BURLYIW,BUW
9100BURNLYB,BUB
9100BURNLYC,BNC
9100BURNMR,BYM
9100BURSLDN,BUO
9100BURTNOT,BUT
9100BUSBY,BUS
9100BUSHEY,BSH
9100BUSHYDC,BSH
9100BUXTON,BUX
9100BXLYHTH,BXH
9100BXTD,BXD
9100BYFLANH,BFN
9100BYNEA,BYE
9100CADOXTN,CAD
9100CAERGWL,CGW
9100CALSTCK,CSK
9100CAMBDGE,CBG
9100CAMBNTH,CMB
9100CAMELON,CMO
9100CAMHTH,CBH
9100CANLEY,CNL
9100CANONST,CST
9100CARBISB,CBB
9100CARDFBR,CDB
9100CARDFQS,CDQ
9100CARFIN,CRF
9100CARK,CAK
9100CARLILE,CAR
9100CARMYLE,CML
9100CARRBDG,CAG
9100CARSWS,CWS
9100CASTLFD,CFD
9100CATERHM,CAT
9100CATFBDG,CFB
9100CATFORD,CTF
9100CATHAYS,CYS
9100CATTAL,CTL
9100CAUSLND,CAU
9100CBARPAR,CBP
9100CBAY,CWB
9100CBGH,COH
9100CBHMSDA,CSD
9100CBORNE,CBN
9100CBRK,CBK
9100CCARY,CLC
9100CCRT,CCT
9100CDCOT,CDT
9100CDND,CDD
9100CDNL,CDO
9100CDRS,CDR
9100CEFNYBD,CYB
9100CFFT,CFF
9100CFLATTS,CFL
9100CFPK,CFT
9100CHADHDD,CFH
9100CHAPLTN,CPN
9100CHARTHM,CRT
9100CHASNRD,CSR
9100CHATHAM,CTM
9100CHBURY,CBY
9100CHCHSTR,CCH
9100CHDH,CHU
9100CHDNGTN,CED
9100CHDWLHT,CTH
9100CHEAM,CHE
9100CHEF,CEF
9100CHELFD,CEL
9100CHEPSTW,CPW
9100CHESHNT,CHN
9100CHETNOL,CNO
9100CHFD,CHD
9100CHFN,CHF
9100CHHL,CHT
9100CHINGFD,CHI
9100CHIPNHM,CPM
9100CHIRK,CRK
9100CHISWCK,CHK
9100CHLFNAL,CFO
9100CHLKWEL,CHW
9100CHLMSFD,CHM
9100CHLSFLD,CLD
9100CHLTNHM,CNM
9100CHLWTH,CHL
9100CHNLY,CLY
9100CHOLSEY,CHO
9100CHORBUK,BSV
9100CHORLEY,CRL
9100CHOS,CTW
9100CHPLTWN,CLN
9100CHPWKSC,CWC
9100CHRISTC,CHR
9100CHRNGXG,CHC
9100CHRSTSH,CHH
9100CHRW,CLW
9100CHRX,CHX
9100CHSD,CHP
9100CHSLHRS,CIT
9100CHSRD,CRD
9100CHSSN,CSN
9100CHSSS,CSS
9100CHST,CTR
9100CHSW,CSW
9100CHTLRT,CTE
9100CHTR,CYT
9100CHTSEY,CHY
9100CILMERY,CIM
9100CKHL,CKH
9100CLACTON,CLT
9100CLANDON,CLA
9100CLAPTON,CPT
9100CLARBRD,CLR
9100CLAVRDN,CLV
9100CLCHHYT,HYH
9100CLCHRTN,CET
9100CLCHSTR,COL
9100CLDNNRB,CIR
9100CLDRCRX,CAC
9100CLELAND,CEA
9100CLFDOWN,CFN
9100CLHM,CLM
9100CLITHRO,CLH
9100CLMN,CIL
9100CLOCKHS,CLK
9100CLPHHS,CLP
9100CLPHMJ1,CLJ
9100CLPHMJ2,CLJ
9100CLPHMJC,CLJ
9100CLPHMJM,CLJ
9100CLPHMJW,CLJ
9100CLPM,CPY
9100CLRKSTN,CKS
9100CLST,CLS
9100CLTHRPS,CLE
9100CLTN,CLI
9100CLWALL,CWL
9100CLYBANK,CYK
9100CLYGATE,CLG
9100CLYNDRW,CUW
9100CMBH,CMH
9100CMBLEY,CAM
9100CMBRNLD,CUB
9100CMBSLNG,CBL
9100CMDNRD,CMD
9100CMER,CMR
9100CMTHN,CMN
9100CNCK,CAO
9100CNDAW,ZCW
9100CNNB,CNN
9100CNST,CAN
9100CNTBE,CBE
9100CNTBW,CBW
9100CNTLEY,CNY
9100CNTY,CAY
9100COATBDC,CBC
9100COATBDS,CBS
9100COATDYK,COA
9100CODNBCH,COB
9100CODSALL,CSL
9100COGAN,CGN
9100COKSBDG,CBR
9100COLESHL,CEH
9100COLNE,CNE
9100COLSDNS,CDS
9100COLSTWN,CDN
9100COMBE,CME
9100COMONDL,COM
9100CONBRGH,CNS
9100CONGLTN,CNG
9100CONNELF,CON
9100CONONBR,CBD
9100CONONLY,CEY
9100CONWY,CNW
9100COOKHAM,COO
9100COOMBE,COE
9100COPLSTN,COP
9100CORBY,COR
9100CORPACH,CPA
9100CORROUR,CRR
9100CORYTON,COY
9100COSELEY,CSY
9100COSFORD,COS
9100COSHAM,CSA
9100COTNGLY,COT
9100COVAREN,CAA
9100COVNTRY,COV
9100COWDEN,CWN
9100CPNHRST,CPU
9100CRADLYH,CRA
9100CRAVENA,CRV
9100CRAWLEY,CRW
9100CRBG,CRB
9100CRCK,CKL
9100CRDFCEN,CDF
9100CREDITN,CDI
9100CRESING,CES
9100CREWE,CRE
9100CRFD,CRY
9100CRGDRN,CGD
9100CRHL,CWH
9100CRICCTH,CCC
9100CRKLWD,CRI
9100CRKRN,CKN
9100CRLK,CLU
9100CRLN,CTN
9100CRMLNGT,CRM
9100CRNF,CNF
9100CRNG,CHG
9100CRNLRCH,CNR
9100CROKSTN,CKT
9100CROMFD,CMF
9100CROSSHL,COI
9100CROT,CSO
9100CROUCHH,CRH
9100CROWLE,CWE
9100CROY,CRO
9100CRPHLY,CPH
9100CRPNDPK,CPK
9100CRSHLTB,CSB
9100CRSHLTN,CSH
9100CRSKEYS,CKY
9100CRSMYLF,CMY
9100CRSNGTN,CSG
9100CRSTRS,CRS
9100CRTN,CTO
9100CRTSDYK,CDY
9100CRWHRST,CWU
9100CRWLL,CWD
9100CRWTHRN,CRN
9100CRYSTLP,CYP
9100CSEAH,IMW
9100CSFD,CFR
9100CSGT,CRG
9100CSTL,CAS
9100CSTR,CTT
9100CTMSLNK,CTK
9100CTNG,CLL
9100CTNM,CSM
9100CTTGHM,CGM
9100CUDNGTN,CUD
9100CUFFLEY,CUF
9100CULHAM,CUM
9100CULRAIN,CUA
9100CUPAR,CUP
9100CURRIEH,CUH
9100CWDNBTH,COW
9100CWMBRAN,CWM
9100CXTN,CUX
9100CYNGHRD,CYN
9100DAISYH,DSY
9100DALGETY,DAG
9100DALMUIR,DMR
9100DALRY,DLY
9100DALS,DLJ
9100DALSKLD,DLK
9100DALSTON,DLS
9100DALTON,DLT
9100DALWHIN,DLW
9100DANBY,DNY
9100DANESCT,DCT
9100DANZEY,DZY
9100DARNALL,DAN
9100DARSHAM,DSM
9100DARTFD,DFD
9100DARWEN,DWN
9100DATCHET,DAT
9100DAVNPRT,DVN
9100DAWLISH,DWL
9100DAWLSHW,DWW
9100DAWSHLM,KVD
9100DEAL,DEA
9100DEAN,DEN
9100DEGANWY,DGY
9100DEIGHTN,DHN
9100DELAMER,DLM
9100DENHAM,DNM
9100DENHMGC,DGC
9100DENMRKH,DMK
9100DENT,DNT
9100DEPDENE,DPD
9100DEPTFD,DEP
9100DERBYRD,DBR
9100DEVNPRT,DPT
9100DGLROAD,DGL
9100DGNHMDC,DDK
9100DIDCOTP,DID
9100DIGBY,DIG
9100DILTONM,DMH
9100DINASP,DNS
9100DINASR,DMG
9100DINGWAL,DIN
9100DINSDAL,DND
9100DISLEY,DSL
9100DISS,DIS
9100DLMALLY,DAL
9100DLMRNOK,DAK
9100DLMY,DAM
9100DLREOCH,DLR
9100DLTN,DAR
9100DLWYDLN,DWD
9100DMBRTNC,DBC
9100DMBRTNE,DBE
9100DNDL,DBD
9100DNFRMLE,DFE
9100DNFRMQM,DFL
9100DNLP,DNL
9100DNROBIN,DNO
9100DNSN,DOT
9100DNTG,DTG
9100DNTON,DTN
9100DOCKYDP,DOC
9100DODWRTH,DOD
9100DOLAU,DOL
9100DOLEHAM,DLH
9100DOLGARG,DLG
9100DONC,DON
9100DORE,DOR
9100DORIDGE,DDG
9100DORKING,DKG
9100DORMANS,DMS
9100DOVERP,DVP
9100DOVRCRT,DVC
9100DOVYJN,DVY
9100DOWNHAM,DOW
9100DRAYGRN,DRG
9100DRBY,DBY
9100DRCHS,DCH
9100DRCHW,DCW
9100DREMJ,DRM
9100DRHM,DHM
9100DRIFILD,DRF
9100DRIGG,DRI
9100DRKGW,DKT
9100DRMCHPL,DMC
9100DRMFCHR,DFR
9100DRMGLCH,DRU
9100DRNGTOS,DUR
9100DRONFLD,DRO
9100DRTN,DRT
9100DRTWCHS,DTW
9100DRUMRY,DMY
9100DRYP,DYP
9100DTNG,DNG
9100DUDESTN,DUD
9100DUDLPT,DDP
9100DUFIELD,DFI
9100DUIRNSH,DRN
9100DUKEST,DST
9100DULNGHM,DUL
9100DUMBRCK,DUM
9100DUMFRES,DMF
9100DUMPTNP,DMP
9100DUNANE,DBL
9100DUNBAR,DUN
9100DUNCRAG,DCG
9100DUNDETB,DEE
9100DUNKELD,DKD
9100DURSLEY,CDU
9100DVHL,DVH
9100DWBY,DEW
9100DYCE,DYC
9100DYFRYNA,DYF
9100EALINGB,EAL
9100EARLSWD,ELD
9100EASTBRK,EBK
9100EBOLDON,EBL
9100EBOURNE,EBN
9100EBSFDOM,EBD
9100EBWVPWY,EBV
9100EBWVTN,EBB
9100ECCLES,ECC
9100ECLR,ECS
9100ECPK,ECL
9100ECROYDN,ECR
9100EDALE,EDL
9100EDGH,EDG
9100EDIDBRY,EDY
9100EDINBUR,EDB
9100EDINGWY,EGY
9100EDINPRK,EDP
9100EDMNGRN,EDR
9100EDNB,EBR
9100EDNT,EBT
9100EDPK,EDN
9100EDULWCH,EDW
9100EFARLGH,EFL
9100EFNGHMJ,EFF
9100EGGESFD,EGG
9100EGHAM,EGH
9100EGLSCLF,EAG
9100EGRFRTH,EGF
9100EGRNSTD,EGR
9100EGTON,EGT
9100EKILBRD,EKL
9100ELGH,ESL
9100ELGIN,ELG
9100ELMERSE,ELE
9100ELMSWEL,ESW
9100ELMW,ESD
9100ELPHNAC,EPH
9100ELSC,ELR
9100ELSENHM,ESM
9100ELSMPRT,ELP
9100ELTHAM,ELW
9100ELTON,ELO
9100ELTR,ELS
9100ELWD,EWD
9100ELYY,ELY
9100EMALING,EML
9100EMPKWAY,EMD
9100EMRSPKH,EMP
9100EMSWTH,EMS
9100ENFC,ENC
9100ENFLDLK,ENL
9100ENFLDTN,ENF
9100ENTWISL,ENT
9100EPSDNS,EPD
9100EPSM,EPS
9100ERDNGTN,ERD
9100ERGNCHP,ECP
9100ERIDGE,ERI
9100ERITH,ERH
9100ERLFLD,EAD
9100ERLSTWN,ERL
9100ERLY,EAR
9100ESHER,ESH
9100ESHS,EST
9100ESKBANK,EKB
9100ESSEXRD,EXR
9100ESTFLDS,MTC
9100ESTHRAK,ERA
9100ESTRNGT,EGN
9100ETCHNGM,ETC
9100ETILBRY,ETL
9100EUSTON,EUS
9100EUXT,EBA
9100EVESHAM,EVE
9100EWELLE,EWE
9100EWELW,EWW
9100EWRTHNG,EWR
9100EXETERC,EXC
9100EXETRSD,EXD
9100EXETRST,EXT
9100EXHIBTC,EXG
9100EXMOUTH,EXM
9100EXTON,EXN
9100EYNSFD,EYN
9100FAIRLIE,FRL
9100FALCNWD,FCN
9100FALKRKG,FKG
9100FALKRKH,FKK
9100FALMTHD,FAL
9100FALMTHT,FMT
9100FAMBDGE,NFA
9100FAMR,FMR
9100FAREHAM,FRM
9100FARNHAM,FNH
9100FAULDHS,FLD
9100FAVRSHM,FAV
9100FAYGATE,FGT
9100FAZKRLY,FAZ
9100FEARN,FRN
9100FELTHAM,FEL
9100FENCHRS,FST
9100FENITON,FNT
9100FERNHIL,FER
9100FERRIBY,FRY
9100FFAIRFC,FFA
9100FGDHBR,FGH
9100FGDHGWK,FGW
9100FILEY,FIL
9100FILTNEW,FIT
9100FINSTCK,FIN
9100FISKRTN,FSK
9100FITZWLM,FZW
9100FIVEWYS,FWY
9100FLEET,FLE
9100FLIMBY,FLM
9100FLINT,FLN
9100FLITWCK,FLT
9100FLIXTON,FLI
9100FLKSTNC,FKC
9100FLKSTNW,FKW
9100FLSCRHN,FOC
9100FLWRYFD,FLF
9100FLXSTOW,FLX
9100FNCHLYR,FNY
9100FNPK,FPK
9100FORD,FOD
9100FORESTH,FOH
9100FORMBY,FBY
9100FORRES,FOR
9100FORSNRD,FRS
9100FOUROKS,FOK
9100FOXFILD,FOX
9100FOXTON,FXN
9100FRANT,FRT
9100FRATTON,FTN
9100FRBN,FRB
9100FRBRMN,FNB
9100FRBRNTH,FNN
9100FRDSHM,FRD
9100FRESHFD,FFD
9100FRFD,FRF
9100FRIMLEY,FML
9100FRINTON,FRI
9100FRNCMB,FNC
9100FRNDNLT,ZFD
9100FRNNGRD,FNR
9100FRNW,FNW
9100FROME,FRO
9100FROSTLY,FRR
9100FRSHFLD,FRE
9100FRSTGT,FOG
9100FRTMTLD,FTM
9100FRTWLM,FTW
9100FRWATER,FRW
9100FRZNGHL,FZH
9100FSHBORN,FSB
9100FSHRSGT,FSG
9100FSTR,FEN
9100FTHRSTN,FEA
9100FULWELL,FLW
9100FURNESV,FNV
9100FURZEP,FZP
9100FYSD,FYS
9100GALASLS,GAL
9100GALTILL,SGB
9100GALTINT,SGB
9100GARFRTH,GRF
9100GARROWH,GAR
9100GARSDLE,GSD
9100GARTH,GTH
9100GARVE,GVE
9100GARW,GSW
9100GATHRST,GST
9100GATLEY,GTY
9100GBGHLRD,GBL
9100GBNK,GBK
9100GBROC,GNB
9100GDLMING,GOD
9100GERRDSX,GER
9100GFLD,GNF
9100GFORD,GFD
9100GGLSWCK,GIG
9100GIDB,GUI
9100GIDEAPK,GDP
9100GIFNOCK,GFN
9100GIPSYH,GIP
9100GIRVAN,GIR
9100GLAISDL,GLS
9100GLASHTN,GLH
9100GLAZBRK,GLZ
9100GLBRDYK,GBD
9100GLDTHRP,GOE
9100GLFCHFR,GFF
9100GLGC,GLC
9100GLGCLL,GCL
9100GLGHST,HST
9100GLGN,GLG
9100GLGQHL,GLQ
9100GLGQLL,GQL
9100GLHM,GIL
9100GLNCNWY,GCW
9100GLNEGLS,GLE
9100GLNFNNN,GLF
9100GLNGHMK,GLM
9100GLNRTHS,GLT
9100GLOSTER,GCR
9100GLSP,GLO
9100GLYNDE,GLY
9100GNHT,GNH
9100GNLN,GNL
9100GNRSBRY,GUN
9100GNTN,GTN
9100GNWH,GNW
9100GOBOWEN,GOB
9100GODLY,GDL
9100GODMAYS,GMY
9100GODSTON,GDN
9100GOLFSTR,GOF
9100GOLSPIE,GOL
9100GOMSHAL,GOM
9100GOOLE,GOO
9100GOOSTRY,GTR
9100GORASTR,GOR
9100GORDONH,GDH
9100GOREBRG,GBG
9100GORNGBS,GBS
9100GORTON,GTO
9100GOSPLOK,GPO
9100GOUROCK,GRK
9100GOVS,GOS
9100GOWERTN,GWN
9100GOXHILL,GOX
9100GRATELY,GRT
9100GRAVLYH,GVH
9100GRAYS,GRY
9100GREENRD,GNR
9100GRENCKC,GKC
9100GRENCKW,GKW
9100GRETGRN,GEA
9100GRGMASJ,GGJ
9100GRGRAVE,GGV
9100GRLCHHD,GCH
9100GRMSBYD,GMD
9100GRMSBYT,GMB
9100GRNDLFD,GRN
9100GRNFLDS,GRL
9100GROSMNT,GMT
9100GRPK,GPK
9100GRSTH,GSN
9100GRTCSH,GRH
9100GRTHMG,GMG
9100GRVPK,GRP
9100GRVSEND,GRV
9100GSCD,GRS
9100GTAYTON,GTA
9100GTBNTLY,GRB
9100GTCHSFD,GRC
9100GTCOATS,GCT
9100GTHM,GRA
9100GTMLVRN,GMV
9100GTMSNDN,GMN
9100GTSHDMC,MCE
9100GTWK,GTW
9100GUILDFD,GLD
9100GUISELY,GSY
9100GUNISLK,GSL
9100GUNTON,GNT
9100GWRSYLT,GWE
9100GYPSYLA,GYP
9100HABRO,HAB
9100HACKNYC,HKC
9100HACKNYW,HKW
9100HADFILD,HDF
9100HADISCO,HAD
9100HADLYWD,HDW
9100HADMATP,HDM
9100HAGFOLD,HGF
9100HAGGERS,HGG
9100HAGLEY,HAG
9100HAGT,HGT
9100HAKNYNM,HAC
9100HALE,HAL
9100HALG,HAI
9100HALLRD,HLR
9100HALSWTH,HAS
9100HALW,HED
9100HAMERTN,HMM
9100HAMLTNC,HNC
9100HAMLTNW,HNW
9100HAMPTON,HMP
9100HAMSTED,HSD
9100HAMTSQ,BKQ
9100HAMWICK,HMW
9100HANDBRO,HND
9100HANWELL,HAN
9100HAPTON,HPN
9100HARLSDN,HDN
9100HARMYRS,HMY
9100HAROOTH,HOH
9100HARTFD,HTF
9100HARWICH,HWC
9100HASLEMR,HSL
9100HASOCKS,HSK
9100HASTING,HGS
9100HATFILD,HAT
9100HATHRSG,HSG
9100HATRSLY,HTY
9100HATTON,HTN
9100HAVANT,HAV
9100HAVENHS,HVN
9100HAVRFDW,HVF
9100HAWARDN,HWD
9100HAWDNBG,HWB
9100HAYESAH,HAY
9100HAYLE,HYL
9100HAYMRKT,HYM
9100HAYS,HYS
9100HAZL,HAZ
9100HBDNBDG,HBD
9100HBRN,HBN
9100HBROOMS,HIB
9100HBRTBDG,HBB
9100HBRY,HBY
9100HCHP,HCH
9100HCKNGTN,HEC
9100HCRT,HMC
9100HDNS,HNF
9100HDON,HEN
9100HDRSFLD,HUD
9100HEADCRN,HCN
9100HEALING,HLI
9100HEATHHL,HHL
9100HEATHLL,HLL
9100HEDGEND,HDE
9100HEDNGLY,HDY
9100HEDSTNL,HDL
9100HELIFLD,HLD
9100HELMSDL,HMS
9100HELSBY,HSB
9100HEMLHMP,HML
9100HENGOED,HNG
9100HENLYIA,HNL
9100HENSALL,HEL
9100HEREFRD,HFD
9100HERNEH,HNH
9100HERSHAM,HER
9100HERTFDE,HFE
9100HESSLE,HES
9100HESWALL,HSW
9100HEVER,HEV
9100HEWORTH,HEW
9100HEXHAM,HEX
9100HEYFORD,HYD
9100HEYMST,HHB
9100HFDN,HFN
9100HFLPEVL,HAP
9100HGHBRDG,HIG
9100HGHI,HHY
9100HGHMSPK,HIP
9100HGHNGTN,HEI
9100HIGHBYA,HII
9100HIGM,HGM
9100HILLSID,HIL
9100HILSEA,HLS
9100HINCKLY,HNK
9100HINDLEY,HIN
9100HINTONA,HNA
9100HITCHIN,HIT
9100HITN,HTO
9100HITW,HID
9100HKBG,HCB
9100HLDG,HDG
9100HLDNBRO,HLB
9100HLFT,HLF
9100HLFX,HFX
9100HLGN,HLG
9100HLMW,HLM
9100HLNGTNE,HLE
9100HLNGTNW,HLW
9100HLNSBRC,HLC
9100HLNSBRU,HLU
9100HLTWHST,HWH
9100HLYH,HHD
9100HMBLE,HME
9100HMPDNPK,HMD
9100HMPHRYP,HUP
9100HMPSTDH,HDH
9100HMPTNIA,HIA
9100HMST,HMT
9100HMWTHY,HAM
9100HNCHLYW,HYW
9100HNDFRTH,HTH
9100HNDSHWT,THW
9100HNGT,HRR
9100HNLYOT,HOT
9100HNTL,HNT
9100HNTNGDN,HUN
9100HOCKLEY,HOC
9100HOLTONH,HOL
9100HOLYTWN,HLY
9100HOMRTON,HMN
9100HONITON,HON
9100HONLEY,HOY
9100HONROPK,HPA
9100HONYBRN,HYB
9100HOOK,HOK
9100HOOTON,HOO
9100HOPC,HPE
9100HOPD,HOP
9100HOPTONH,HPT
9100HORLEY,HOR
9100HORSHAM,HRH
9100HORWICH,HWI
9100HOSCAR,HSC
9100HOUGHGR,HGN
9100HOUNSLW,HOU
9100HOVE,HOV
9100HOWDEN,HOW
9100HOWOOD,HOZ
9100HOWWOOD,HWW
9100HOXTON,HOX
9100HOYLAKE,HYK
9100HRGY,HGY
9100HRGYGL,HRY
9100HRLC,HRL
9100HRLDWOD,HRO
9100HRLG,HLN
9100HRLNGRD,HRD
9100HRLWMIL,HWM
9100HRLWTWN,HWN
9100HRNBPK,HBP
9100HRNEBAY,HNB
9100HRNSY,HRN
9100HROW,HRW
9100HROWDC,HRW
9100HRPNDN,HPD
9100HRSLEY,HSY
9100HRSM,HRM
9100HRSTGRN,HUR
9100HRTLEPL,HPL
9100HRTW,HTW
9100HSFT,HRS
9100HTCHEND,HTE
9100HTCP,HTC
9100HTFLASF,HFS
9100HTHRGRN,HGR
9100HTNCRNS,HUT
9100HTNRIBL,HIR
9100HTRWAPT,LHR
9100HTRWTM4,HAF
9100HTRWTM5,HWV
9100HUCKNAL,HKN
9100HULL,HUL
9100HUNCOAT,HCT
9100HUNGRFD,HGD
9100HUNMNBY,HUB
9100HUNTSX,HNX
9100HUYTON,HUY
9100HWKHEAD,HKH
9100HWYCOMB,HWY
9100HYDB,HDB
9100HYDEC,HYC
9100HYDEN,HYT
9100HYDNSRD,HYR
9100HYKEHAM,HKM
9100HYNDLND,HYN
9100HYWRDSH,HHE
9100IBMM,IBM
9100IFIELD,IFI
9100ILFENBP,NRC
9100ILFORD,IFD
9100ILKES,ILN
9100ILKLEY,ILK
9100INCE,INC
9100INEL,INE
9100INGTSTN,INT
9100INSCH,INS
9100INVERKP,INP
9100INVGWRE,ING
9100INVRSHN,INH
9100INVURIE,INR
9100IPSWICH,IPS
9100IRLAM,IRL
9100IRVN,IRV
9100ISLEWTH,ISL
9100ISLIP,ISP
9100IVER,IVR
9100IVRGRD,IGD
9100IVRKTHG,INK
9100IVRNESS,INV
9100IVYBDGE,IVY
9100JAMCOK,JCH
9100JAMESST,LVJ
9100JHNSTND,JOH
9100JOHNSTN,JHN
9100JORDANH,JOR
9100KCLD,KDY
9100KDRMNST,KID
9100KEARSLY,KSL
9100KEIGHLY,KEI
9100KEITH,KEH
9100KELVEDN,KEL
9100KEMBLE,KEM
9100KEMSING,KMS
9100KENDAL,KEN
9100KENISHD,KNS
9100KENLSTN,KNW
9100KENNETT,KNE
9100KENOLYM,KPA
9100KENR,KNR
9100KENSLG,KNL
9100KENTHOS,KTH
9100KETR,KET
9100KEWBDGE,KWB
9100KEWGRDN,KWG
9100KEYHAM,KEY
9100KEYNSHM,KYN
9100KGHN,KGH
9100KGPK,KGP
9100KGSTON,KNG
9100KGUSSIE,KIN
9100KGWD,KND
9100KIDBROK,KDB
9100KIDSGRV,KDG
9100KIDWELY,KWL
9100KILDONN,KIL
9100KILGETY,KGT
9100KILMRNK,KMK
9100KILWNNG,KWN
9100KINBRAC,KBC
9100KINGHAM,KGM
9100KINSSTN,KGS
9100KINTORE,KTR
9100KIRBYX,KBX
9100KIRKHAM,KKM
9100KKBY,KIR
9100KKSNDAL,KKS
9100KLBRNHR,KBN
9100KLDL,KLD
9100KLGL,KGL
9100KLMAURS,KLM
9100KLPTRCK,KPT
9100KLYNN,KLN
9100KMPSTNH,KMH
9100KMPTNPK,KMP
9100KMSLY,KML
9100KNCKHLT,KCK
9100KNEBWTH,KBW
9100KNGW,KGE
9100KNGX,KGX
9100KNIGHTN,KNI
9100KNLY,KLY
9100KNORTON,KNN
9100KNRSBGH,KNA
9100KNTBRY,KIT
9100KNTNGLY,KNO
9100KNTSHTN,KTN
9100KNTSHTW,KTW
9100KNUCKLS,KNU
9100KNUTSFD,KNF
9100KNYMPTN,KGN
9100KRKBYIF,KBF
9100KRKC,KRK
9100KRKDALE,KKD
9100KRKH,KKH
9100KRKNWTN,KKN
9100KRKSLFR,KLF
9100KRKWOOD,KWD
9100KRKYCEN,KKB
9100KRTNLND,KTL
9100KSNY,KSN
9100KSTP,KSW
9100KTBK,KBK
9100KTON,KNT
9100KVTNBDG,KIV
9100KVTNPK,KVP
9100KYLELSH,KYL
9100LADYBNK,LDY
9100LAINDON,LAI
9100LAIRG,LRG
9100LAKEIOW,LKE
9100LAKNHTH,LAK
9100LAMBH,GSC
9100LAMPHEY,LAM
9100LANARK,LNK
9100LANCSTR,LAN
9100LANDUDJ,LLJ
9100LANFRFC,LLF
9100LANGLEY,LNY
9100LAPFORD,LAP
9100LAPWRTH,LPW
9100LARBERT,LBT
9100LARGS,LAR
9100LARKHAL,LRH
9100LAWRNCH,LWH
9100LAYTON,LAY
9100LAZKRKO,LZB
9100LBDR,LBR
9100LBGHJN,LGJ
9100LCEILOB,LHE
9100LCHALRT,LCL
9100LCHC,LIC
9100LCHESDE,LCS
9100LCHGLLY,LCG
9100LCHLCHR,LCC
9100LCHTTVH,LIF
9100LCHTTVL,LTV
9100LCHWNCH,LHW
9100LCKRBIE,LOC
9100LDBURY,LED
9100LDLNGTN,LID
9100LDYW,LAD
9100LEABDGE,LEB
9100LEAGRVE,LEA
9100LEAHALL,LEH
9100LEALHLM,LHM
9100LEASOWE,LSW
9100LEEDS,LDS
9100LEEE,LEE
9100LEGR,LEG
9100LEIGHK,LIH
9100LELANT,LEL
9100LELANTS,LTS
9100LENHAM,LEN
9100LENZIE,LNZ
9100LEOMNST,LEO
9100LESTER,LEI
9100LETHRHD,LHD
9100LEUCHRS,LEU
9100LEWES,LWS
9100LEWISHM,LEW
9100LEYLAND,LEY
9100LEYTNMR,LEM
9100LFPW,LPG
9100LGBK,LGB
9100LGFD,LGF
9100LGHO,LHO
9100LGML,LGM
9100LGRN,LGG
9100LGWITH,LAG
9100LGWOOD,LGD
9100LHONSEA,LES
9100LHVN,LVN
9100LIMHSE,LHS
9100LINCLNC,LCN
9100LINGFLD,LFD
9100LIPHOOK,LIP
9100LISKARD,LSK
9100LISS,LIS
9100LITLBRO,LTL
9100LIVST,LST
9100LKWD,LCK
9100LLANDAF,LLN
9100LLBRDCH,LNB
9100LLBSTRD,LLT
9100LLDEILO,LLL
9100LLDODW,LLO
9100LLDVERY,LLV
9100LLDYBIE,LLI
9100LLGADOG,LLG
9100LLGMMRW,LLM
9100LLGNNCH,LLH
9100LLGUNLO,LGO
9100LLHARAN,LLR
9100LLHLETH,LTH
9100LLISHEN,LLS
9100LLNLLI,LLE
9100LLNSMLT,LAS
9100LLNWTMR,LWM
9100LLWRDA,LNR
9100LLWRTYW,LNW
9100LLWYNYP,LLY
9100LMNGTNS,LMS
9100LMTNPIR,LYP
9100LMTNTWN,LYT
9100LNAB,LLA
9100LNCG,LAC
9100LNDC,LLC
9100LNDNBDC,LBG
9100LNDNBDE,LBG
9100LNDW,LDN
9100LNDYW,LAW
9100LNGBKBY,LBK
9100LNGCROS,LNG
9100LNGEATN,LGE
9100LNGNDRY,LND
9100LNGP,LPT
9100LNLTHGW,LIN
9100LNRWST,LWR
9100LNSD,LGS
9100LNTN,LGN
9100LOCHAWE,LHA
9100LOGHBRO,LBO
9100LONB,LOB
9100LONFLDS,LOF
9100LONGBCK,LGK
9100LOOE,LOO
9100LOSTCKP,LOT
9100LOWDHAM,LOW
9100LOWMOOR,LMR
9100LOWSTFT,LWT
9100LPRESTN,LPR
9100LRDGFD,LRD
9100LRNCKRK,LAU
9100LSTG,LTG
9100LSTH,LOH
9100LSTWTHL,LOS
9100LSYDNHM,LSY
9100LTCE,LET
9100LTHH,LVT
9100LTLHMPT,LIT
9100LTLKMBL,LTK
9100LTLPORT,LTP
9100LTLSUTN,LTT
9100LTNBZRD,LBZ
9100LUDLOW,LUD
9100LUDO,LLD
9100LUTOAPY,LTN
9100LUTON,LUT
9100LUXULYN,LUX
9100LVHM,LVM
9100LVNSTNN,LSN
9100LVNSTNS,LVG
9100LVRPLCH,LVC
9100LVRPLCL,LVC
9100LVRPLSH,LIV
9100LVRPLSL,LVL
9100LVRPSPY,LPY
9100LWBY,LGW
9100LYDNEY,LYD
9100LYEE,LYE
9100LYMPSTC,LYC
9100LYMPSTN,LYM
9100LYNDHRD,ANF
9100LYNGRIL,LLW
9100LYTHAM,LTM
9100LYTNSHR,LER
9100MACLSFD,MAC
9100MAESTER,MEW
9100MAESTGW,MST
9100MAGHULL,MAG
9100MALDENM,MAL
9100MALTON,MLT
9100MANEA,MNE
9100MANNGTR,MNG
9100MANORS,MAS
9100MANRPK,MNP
9100MARDEN,MRN
9100MARGATE,MAR
9100MARLOW,MLW
9100MARPLE,MPL
9100MARTON,MTO
9100MARYLBN,MYB
9100MASH,MTA
9100MATLCKB,MTB
9100MATLOCK,MAT
9100MAXWLPK,MAX
9100MAYBOLE,MAY
9100MAZEH,MZH
9100MBRK,MBK
9100MCHLDVR,MIC
9100MCHYNLT,MCN
9100MCKLFLD,MIK
9100MDLSBRO,MBR
9100MDNHEAD,MAI
9100MDNNWTN,MDN
9100MDWD,MDL
9100MEADWHL,MHS
9100MELDRTH,MEL
9100MELKSHM,MKM
9100MELS,MEO
9100MELTON,MES
9100MENHENT,MEN
9100MENSTON,MNN
9100MEOLSCP,MEC
9100MEOPHAM,MEP
9100MERSTHM,MHM
9100MERTHRV,MEV
9100MERTHYR,MER
9100MEXBRGH,MEX
9100MFAM,MFA
9100MFLDTWN,MFT
9100MFLDWSE,MSW
9100MHERON,MAO
9100MIDGHAM,MDG
9100MILKNPK,MIN
9100MINFFR,MFD
9100MINFORD,MFF
9100MINMARS,MIM
9100MINSTER,MSR
9100MIRFILD,MIR
9100MISTLEY,MIS
9100MITCHMJ,MIJ
9100MKIN,MNC
9100MKNSCEN,MKC
9100MKTR,MKR
9100MLAIG,MLG
9100MLBRKB,MLB
9100MLDSWTH,MLD
9100MLDTHRD,MAU
9100MLFDHVN,MFH
9100MLFORD,MLF
9100MLGV,MLN
9100MLHB,MIL
9100MLHL,MLH
9100MLLM,MLM
9100MLSECMB,MCB
9100MLSHILL,MIH
9100MLTNSDG,MMO
9100MLVRNLK,MVL
9100MMIL,MTM
9100MNCRDGT,DGT
9100MNCRIAP,MIA
9100MNCROXR,MCO
9100MNCRPIC,MAN
9100MNCRUFG,MUF
9100MNCRVIC,MCV
9100MNKRISB,MRS
9100MNORBER,MRB
9100MNRD,MNR
9100MNTVRNN,MTV
9100MOBERLY,MOB
9100MOCHARD,MRD
9100MONIFTH,MON
9100MONPELR,MTP
9100MONTRSE,MTS
9100MORAR,MRR
9100MORCAME,MCM
9100MORDENS,MDS
9100MORETON,MTN
9100MORFLDS,MRF
9100MORFNL,MRF
9100MORTHRP,MRP
9100MOSSLEY,MSL
9100MOTFONT,DBG
9100MOTHRWL,MTH
9100MOTNGHM,MTG
9100MOTO,MRT
9100MOTSPRP,MOT
9100MPRT,MRY
9100MRCH,MCH
9100MRGT,MOG
9100MRKSTEY,MKT
9100MRKTHRB,MHR
9100MRLY,MLY
9100MRPTHRP,MPT
9100MRRYTON,MEY
9100MRSD,MSD
9100MRSK,MSK
9100MRSN,MSN
9100MRSTNGR,MGN
9100MRTLKE,MTL
9100MRYHILL,MYH
9100MRYLAND,MYL
9100MSELBGH,MUB
9100MSGT,MSS
9100MSLH,MSH
9100MSSD,MOS
9100MSSPARK,MPK
9100MSTN,MSO
9100MSTONEB,MDB
9100MSTONEE,MDE
9100MSTONEW,MDW
9100MTFL,MFL
9100MTHRNGH,MGM
9100MTIMER,MOR
9100MUIREND,MUI
9100MUROORD,MOO
9100MWRWSTN,MRW
9100MYTHLMR,MYT
9100NABT,NTA
9100NAFERTN,NFN
9100NAILSEA,NLS
9100NAIRN,NRN
9100NANTWCH,NAN
9100NARBRO,NBR
9100NAVGTNR,NVR
9100NBARNET,NBA
9100NBCKNHM,NBC
9100NBERWCK,NBW
9100NBRWGE,NBE
9100NBTN,NBN
9100NCRAGHA,NEW
9100NDULWCH,NDL
9100NEATH,NTH
9100NEEDHAM,NMT
9100NEILSTN,NEI
9100NESTON,NES
9100NETHRTN,NRT
9100NETLEY,NTL
9100NEWANG,NNG
9100NEWBRYR,NRC
9100NEWBURY,NBY
9100NEWCLEE,NCE
9100NEWHVNH,NVH
9100NEWHVNT,NVN
9100NEWLANE,NLN
9100NEWMLDN,NEM
9100NEWNGTN,NGT
9100NEWPRTE,NWE
9100NEWQUAY,NQY
9100NEWSGAT,NSG
9100NEWXGEL,NXG
9100NEWXGTE,NXG
9100NHOL,NHL
9100NINIANP,NNP
9100NITSH,NIT
9100NLANRST,NLR
9100NLRTN,NTR
9100NLSN,NEL
9100NMBRLPK,NUM
9100NMILTON,NWM
9100NMPTN,NMP
9100NNTN,NUN
9100NORBURY,NRB
9100NORMNTN,NOR
9100NORWDJ,NWD
9100NPUD,NPD
9100NQNSFRY,NQU
9100NRBERTH,NAR
9100NRBITON,NBT
9100NRCH,NRW
9100NRMNSBY,NSB
9100NRTF,NFD
9100NRTHFLT,NFL
9100NSHEEN,NSH
9100NSTCYRE,NTC
9100NTHCAMP,NCM
9100NTHOLTP,NLT
9100NTHRFLD,NET
9100NTHWICH,NWI
9100NTNB,NTB
9100NTNG,NOT
9100NTRD,NRD
9100NUNHEAD,NHD
9100NUNTHRP,NNT
9100NUTBORN,NUT
9100NUTFILD,NUF
9100NWALSHM,NWA
9100NWCMNCK,NCK
9100NWCOURT,NCO
9100NWCRELL,NWX
9100NWCROSS,NWX
9100NWCSTLE,NCL
9100NWELTHM,NEH
9100NWEMBLY,NWB
9100NWHYTHE,NHE
9100NWMILSC,NMC
9100NWMILSN,NMN
9100NWMKET,NMK
9100NWPTRTG,NWP
9100NWRKCAS,NCT
9100NWSTEAD,NSD
9100NWTA,NAY
9100NWTGRNG,NEG
9100NWTH,NWN
9100NWTL,NTN
9100NWTM,NWR
9100NWTNLW,NLW
9100NWTOA,NOA
9100NWTP,NWT
9100OAKHAM,OKM
9100OAKNGTS,OKN
9100OBAN,OBN
9100OCKENDN,OCK
9100OCKLYAC,OLY
9100OKHMPTN,OKE
9100OKLGHPK,OKL
9100OLDFLDP,OLF
9100OLDROAN,ORN
9100OLDST,OLD
9100OLHL,OHL
9100OLTON,OLT
9100OPOL,OVE
9100OREE,ORE
9100ORELPKH,OPK
9100ORMSKRK,OMS
9100ORPNGTN,ORP
9100ORRELL,ORR
9100OTFORD,OTF
9100OULTNBN,OUN
9100OULTNBS,OUS
9100OUTWOOD,OUT
9100OVTN,OVR
9100OXENHLM,OXN
9100OXFD,OXF
9100OXFPWAY,OPY
9100OXSHOTT,OXS
9100OXTED,OXT
9100OXTEDBY,OXT
9100PADGATE,PDG
9100PADTON,PAD
9100PAIGNTN,PGN
9100PALMRSG,PAL
9100PANGBRN,PAN
9100PANNAL,PNL
9100PARBOLD,PBL
9100PARR,PAR
9100PARSNST,PSN
9100PARTON,PRN
9100PATCHWY,PWY
9100PATERTN,PTT
9100PBRO,PBO
9100PBRT,PEM
9100PCHESTR,PTC
9100PCKHMQD,QRP
9100PCKHMRY,PMR
9100PEARTRE,PEA
9100PEGSWD,PEG
9100PEMBRKD,PMD
9100PEMBROK,PMB
9100PENARTH,PEN
9100PENCOED,PCD
9100PENEW,PNW
9100PENGAM,PGM
9100PENHELG,PHG
9100PENISTN,PNS
9100PENMERE,PNM
9100PENYCHN,BPC
9100PENZNCE,PNZ
9100PERANWL,PRW
9100PERSHOR,PSH
9100PERTH,PTH
9100PETSWD,PET
9100PEWSEY,PEW
9100PHBR,PMH
9100PHLD,PTL
9100PILNING,PIL
9100PINHOE,PIN
9100PITSEA,PSE
9100PKHMRYC,PMR
9100PKST,PKT
9100PKWD,PDW
9100PLKLHDE,PLE
9100PLKLHDW,PLW
9100PLKSHWE,PWE
9100PLKSHWW,PWW
9100PLMPTON,PMP
9100PLMS,PLU
9100PLOCKTN,PLK
9100PLSNGTN,PLS
9100PLTH,PLN
9100PLTNLFY,PFY
9100PLUCKLY,PLC
9100PLUMLEY,PLM
9100PLYMTH,PLY
9100PMBRYBP,PBY
9100PNALLY,PNA
9100PNDRSEN,PON
9100PNGEE,PNE
9100PNKRDG,PKG
9100PNMNMWR,PMW
9100PNRHCBR,PER
9100PNSHRST,PHR
9100PNTADLS,PTD
9100PNTH,PNR
9100PNTLTYN,PLT
9100PNTRBCH,PTB
9100PNTYFYN,PTF
9100PNYF,PNF
9100PNYPANT,PYP
9100POKSDWN,POK
9100POLGATE,PLG
9100POLMONT,PMT
9100POLSBDG,POL
9100PONTYPL,PPL
9100PONYCLN,PYC
9100POOLE,POO
9100POPLTON,POP
9100PORH,POR
9100POSILPK,PPK
9100POTRSBR,PBR
9100POYNTON,PYT
9100PPAN,PST
9100PREES,PRS
9100PRESCOT,PSC
9100PRHN,PRH
9100PRINRIS,PRR
9100PRITLWL,PRL
9100PRKSTON,HPQ
9100PRSP,PRP
9100PRST,PRE
9100PRTHHBR,PMG
9100PRTHMDG,PTM
9100PRTSMTA,PMA
9100PRUDHOE,PRU
9100PRYBR,PRY
9100PRYN,PYN
9100PSBY,PRB
9100PSEA,PMS
9100PSLDAWH,PLD
9100PSLT,PSL
9100PSLYCAN,PCN
9100PSLYGST,PYG
9100PSLYSTJ,PYJ
9100PSRN,PES
9100PSTA,PRT
9100PSTONE,PKS
9100PTALBOT,PTA
9100PTCK,PTK
9100PTFTBHL,PFR
9100PTFTMHL,PFM
9100PTFTTSF,POT
9100PTGLSGW,PTG
9100PTLCHRY,PIT
9100PTRCRFT,PAT
9100PTRSFLD,PTR
9100PTYPRID,PPD
9100PULBRO,PUL
9100PURFLET,PFL
9100PURLEY,PUR
9100PURLEYO,PUO
9100PUTNEY,PUT
9100PVNSYAW,PEV
9100PVNSYBY,PEB
9100PWCK,PTW
9100PWCKAPT,PRA
9100PWLHELI,PWL
9100PWTH,PSW
9100PYBONT,PNY
9100PYECRNR,PYE
9100PYLE,PYL
9100QNTRLDW,QUI
9100QPRK,QPW
9100QTRDBAT,QRB
9100QUAKRSY,QYD
9100QUENBRO,QBR
9100QUNPARK,QPK
9100RADLETT,RDT
9100RADNOT,RDF
9100RADYR,RDR
9100RAINHMK,RAI
9100RAMSGTE,RAM
9100RANNOCH,RAN
9100RAUCEBY,RAU
9100RAWCLIF,RWC
9100RAYLEGH,RLG
9100RAYNSPK,RAY
9100RBRN,RVB
9100RBRTSBD,RBR
9100RBRYSTN,RRN
9100RCHDALE,RCD
9100RCHE,ROC
9100RCHT,RTR
9100RCKMNSW,RIC
9100RCTRYRD,REC
9100RDHAMN,REE
9100RDIT,RDC
9100RDLEY,RAD
9100RDLSDWN,RDD
9100RDNG4AB,RDG
9100RDNGSTN,RDG
9100REDBDGE,RDB
9100REDCARC,RCC
9100REDCARE,RCE
9100REDCBSC,RBS
9100REDGWST,RDW
9100REDHILL,RDH
9100REDISHN,RDN
9100REDISHS,RDS
9100REDLAND,RDA
9100REDRUTH,RED
9100REEDHMS,RHM
9100REIGATE,REI
9100RENTON,RTN
9100RGHTNRD,RNR
9100RGLS,RAV
9100RHIL,RNH
9100RHIWBNA,RHI
9100RHOOSE,RIA
9100RHOSNGR,RHO
9100RHYL,RHL
9100RHYMNEY,RHY
9100RIBLHED,RHD
9100RICELA,RIL
9100RICHMND,RMD
9100RICHNLL,RMD
9100RIDGMNT,RID
9100RIDNGML,RDM
9100RISCA,RCA
9100RISHTON,RIS
9100RMSWILP,RGW
9100RNFD,RNF
9100RNHAME,RNM
9100ROBY,ROB
9100ROCHFD,RFD
9100ROCKFRY,RFY
9100ROGART,ROG
9100ROGRSTN,ROR
9100ROHL,RSH
9100ROLSTN,ROL
9100ROMANBG,RMB
9100ROMFORD,RMF
9100ROMILEY,RML
9100ROMSEY,ROM
9100ROOSE,ROO
9100ROSG,RSG
9100ROSYTH,ROS
9100ROTHCEN,RMC
9100ROWLEYR,ROW
9100ROYBDGE,RYB
9100ROYDON,RYN
9100ROYSTON,RYS
9100RSKNGTN,RKT
9100RTFD,RET
9100RTFDLL,REL
9100RTHERHI,ROE
9100RTHGLEN,RUT
9100RTHP,RVN
9100RUABON,RUA
9100RUFDORD,RUF
9100RUGBY,RUG
9100RUGL,RGL
9100RUGLTWN,RGT
9100RUNCORN,RUN
9100RUNCRNE,RUE
9100RUSWARP,RUS
9100RWLNDSC,RLN
9100RYDE,RYD
9100RYDP,RYP
9100RYDRBRW,RRB
9100RYDS,RYR
9100RYEE,RYE
9100RYEHOUS,RYH
9100SABR,SNA
9100SACTON,SAT
9100SADWRD,SAR
9100SAIR,SAE
9100SALFDS,SAF
9100SALHOUS,SAH
9100SALWICK,SLW
9100SAMPCRT,SMC
9100SANDH,SDL
9100SANKEY,SNK
9100SANQHAR,SQH
9100SARN,SRR
9100SASH,STS
9100SAXILBY,SXY
9100SBCH,SDB
9100SBDGWTH,SAW
9100SBOURNE,SOB
9100SBRMNDS,SBM
9100SBRN,SLB
9100SBROUGH,SLL
9100SBURY,SBU
9100SBYD,SYB
9100SCARBRO,SCA
9100SCNTHRP,SCU
9100SCROYDN,SCY
9100SCSCLDR,SCT
9100SCTSTNH,SCH
9100SDAL,SVR
9100SDBRYHH,SDH
9100SDBRYHR,SUD
9100SDLG,SDG
9100SDON,SWI
9100SDPLACE,SDP
9100SDRSFOT,SDF
9100SDSD,SNR
9100SEABURN,SEB
9100SEAFORD,SEF
9100SEAHAM,SEA
9100SEAMER,SEM
9100SEASCAL,SSC
9100SEERGRN,SRG
9100SELAFLD,SEL
9100SELBY,SBY
9100SELHRST,SRS
9100SELLING,SEG
9100SELMSAL,SES
9100SELYOAK,SLY
9100SEMILLS,SML
9100SESABUS,ZBU
9100SESARDM,SEE
9100SETNCRW,SEC
9100SETTLE,SET
9100SEVNSIS,SVS
9100SEVTNLJ,STJ
9100SFRTHAL,SFL
9100SGFORD,SGN
9100SGRLOAF,SUG
9100SHADWEL,SDE
9100SHALFD,SFR
9100SHAMPTN,SHH
9100SHANKLN,SHN
9100SHAWFD,SHW
9100SHBN,SIE
9100SHBRYNS,SRY
9100SHDN,SHD
9100SHEFFLD,SHF
9100SHELFD,SED
9100SHENFLD,SNF
9100SHEPRTN,SHP
9100SHERBRN,SHE
9100SHIFNAL,SFN
9100SHILDMR,SDM
9100SHIRLEY,SRL
9100SHLIER,SIH
9100SHMPSTD,SOH
9100SHNS,SEN
9100SHOLING,SHO
9100SHOTTHL,SHT
9100SHOTTON,SHT
9100SHPDSB,SPB
9100SHPE,SNP
9100SHPLAKE,SHI
9100SHPRTH,STH
9100SHPY,SHY
9100SHRBROK,SHB
9100SHRDHST,SDC
9100SHRGHAM,SHM
9100SHRHMBS,SSE
9100SHRKSKS,SRO
9100SHRMKT,SEH
9100SHRNSOS,SSS
9100SHRTLND,SRT
9100SHRWBY,SHR
9100SHTLSTN,SLS
9100SHTT,SHS
9100SHVN,STN
9100SHWFAIR,SFI
9100SHWLNDS,SHL
9100SIDCUP,SID
9100SILCRFT,SIC
9100SILEBY,SIL
9100SINGER,SIN
9100SIVRST,SLV
9100SKEGNES,SKG
9100SKENTON,SOK
9100SKEWEN,SKE
9100SKPT,SKI
9100SKSCMN,SLK
9100SLADEGN,SGR
9100SLATEFD,SLA
9100SLCT,SLT
9100SLEFD,SLR
9100SLEGHTS,SLH
9100SLEHOPE,SFO
9100SLFDCT,SLD
9100SLFDORD,SFD
9100SLOUGH,SLO
9100SLSBRY,SAL
9100SLTHWTE,SWT
9100SLTMRSH,SAM
9100SMALBRK,SAB
9100SMARGRT,SMT
9100SMBG,SMB
9100SMERTON,SMO
9100SMILFD,SOM
9100SMINSTR,SMN
9100SMLHTH,SMA
9100SMRLYTN,SYT
9100SMTHKRS,SMR
9100SNAITH,SNI
9100SNDHRST,SND
9100SNDOWN,SAN
9100SNDP,SUP
9100SNDRLND,SUN
9100SNDRMNK,STZ
9100SNDWDUD,SAD
9100SNDY,SDY
9100SNGT,SOG
9100SNODLND,SDA
9100SNWDNAN,SWO
9100SOAV,SAV
9100SOAVPWY,STY
9100SOLEST,SOR
9100SOLIHUL,SOL
9100SOTNTQ,STQ
9100SOTON,SOU
9100SOTPKWY,SOA
9100SOUTHPT,SOP
9100SPALDNG,SPA
9100SPDN,SPO
9100SPEANBD,SBR
9100SPFD,SPF
9100SPHL,SPP
9100SPHS,SPU
9100SPITAL,SPI
9100SPLY,SPY
9100SPONRRW,SPN
9100SPRD,SRI
9100SPRNGBN,SPR
9100SPTN,SIP
9100SQUIRES,SQU
9100SRUISLP,SRU
9100SSEACLE,SHV
9100STAFFRD,STA
9100STAINES,SNS
9100STALBCY,SAC
9100STALBNA,SAA
9100STAMFD,SMD
9100STANAIR,SSD
9100STANMFC,SST
9100STARBCK,SBE
9100STAS,SAS
9100STAUSTL,SAU
9100STAVELY,SVL
9100STBDXFR,SBF
9100STBDXVR,SBV
9100STBEES,SBS
9100STCKSFL,SKS
9100STCLMBR,SCR
9100STCN,STC
9100STCR,SCG
9100STDENYS,SDN
9100STECHFD,SCF
9100STEETON,SON
9100STEPPS,SPS
9100STERTH,SER
9100STEVNGE,SVG
9100STEWRTN,STT
9100STFD,SRA
9100STFODOM,SFA
9100STGRMNS,SGM
9100STHALL,STL
9100STHBANK,SBK
9100STHCENT,SOC
9100STHEAIR,SIA
9100STHGYLE,SGL
9100STHLNSC,SNH
9100STHLNSJ,SHJ
9100STHNDE,SOE
9100STHS,SHC
9100STHVIC,SOV
9100STHWICK,SWK
9100STIRLNG,STG
9100STIVES,SIV
9100STJAMSP,SJP
9100STJMSST,SJS
9100STJOHNS,SAJ
9100STKEYNE,SKN
9100STKM,SKM
9100STKNWNG,SKW
9100STKP,SPT
9100STKSMR,SSM
9100STLEIGH,SNL
9100STLNRWS,SLQ
9100STMCHLS,STM
9100STMFDHL,SMH
9100STMGTS,SMG
9100STMRYC,SMY
9100STNBGPK,SBP
9100STNEOTS,SNO
9100STNGBRN,SIT
9100STNHSE,SHU
9100STNLWAT,SNT
9100STOCTON,STK
9100STOKEOT,SOT
9100STONE,SNE
9100STOTNHM,STO
9100STOW,SOI
9100STPADOM,STP
9100STPLTNR,SRD
9100STPX,STP
9100STPXBOX,SPL
9100STRBDG1,SBJ
9100STRBDGJ,SBJ
9100STRBDGT,SBT
9100STRCROS,SCS
9100STRETHM,STE
9100STRHCOM,SRC
9100STRHILL,SRH
9100STRINES,SRN
9100STRMFRY,STF
9100STRNRR,STR
9100STROOD,SOO
9100STRUD,STD
9100STRWBYH,STW
9100STTNPWY,SPK
9100STURRY,STU
9100STVNSTN,STV
9100STWMRKT,SMK
9100STWRTBY,SWR
9100STYAL,SYA
9100SUDBURY,SUY
9100SUMRSTN,SUM
9100SUNBURY,SUU
9100SUNDRTN,SDR
9100SUNNGDL,SNG
9100SUNYMDS,SNY
9100SURBITN,SUR
9100SURREYQ,SQE
9100SUTCO,SUT
9100SUTTON,SUO
9100SUTTONC,SUC
9100SVNKNGS,SVK
9100SVNOAKS,SEV
9100SVRNBCH,SVB
9100SWALE,SWL
9100SWANSEA,SWA
9100SWAY,SWY
9100SWCH,SDW
9100SWELL,SPH
9100SWINTN,SWN
9100SWLY,SAY
9100SWNDRBY,SWD
9100SWNSCMB,SWM
9100SWNT,SNN
9100SWNWICK,SNW
9100SWRBBDG,SOW
9100SWSHEAD,SWE
9100SWYTHLN,SWG
9100SXMNDHM,SAX
9100SYDENHM,SYD
9100SYDNHMH,SYH
9100SYONLA,SYL
9100SYSTON,SYS
9100TABY,TBY
9100TACKLEY,TAC
9100TADWTH,TAD
9100TAFFSWL,TAF
9100TAIN,TAI
9100TALB,TLB
9100TALYCFN,TLC
9100TAMEBDG,TAB
9100TANY,TYB
9100TAPLOW,TAP
9100TATNHMC,TAT
9100TAUNTON,TAU
9100TAYNULT,TAY
9100TCULVRT,TPC
9100TDITTON,THD
9100TEDNGTN,TED
9100TEINMTH,TGM
9100TELFRDC,TFC
9100TENBY,TEN
9100TEYNHAM,TEY
9100THABBEY,TNA
9100THAL,THT
9100THATCHM,THA
9100THBDGS,TBD
9100THBLDSG,TEO
9100THEALE,THE
9100THELAKS,TLK
9100THETFD,TTF
9100THFORD,THO
9100THHT,THH
9100THIRSK,THI
9100THLB,THB
9100THOK,TOK
9100THOPBAY,TPB
9100THORNEN,TNN
9100THORNES,TNS
9100THPLESK,TLS
9100THRGRTN,THU
9100THTH,TTH
9100THURSO,THS
9100THUSTON,TRS
9100TILEH,THL
9100TILHRST,TLH
9100TIPTON,TIP
9100TIRPHIL,TIR
9100TISBURY,TIS
9100TIVIPW,TVP
9100TLBYTWN,TIL
9100TLSRNAU,TAL
9100TMPCMB,TMC
9100TMWTHHL,TAH
9100TMWTHLL,TAM
9100TNYPNDY,TNP
9100TODMRDN,TOD
9100TOLWTH,TOL
9100TONBDG,TON
9100TONDU,TDU
9100TONFNAU,TNF
9100TONPNTR,TPN
9100TOOTING,TOO
9100TOPSHAM,TOP
9100TORQUAY,TQY
9100TORRE,TRR
9100TOTNES,TOT
9100TOTTON,TTN
9100TOWNGRN,TWN
9100TRDYRHW,TRD
9100TREFRST,TRF
9100TREHAFD,TRH
9100TREHRBT,TRB
9100TREORCY,TRY
9100TRFDPK,TRA
9100TRFRSTE,TRE
9100TRIMLEY,TRM
9100TRING,TRI
9100TRNO,THC
9100TROON,TRN
9100TRURO,TRU
9100TRWBRDG,TRO
9100TSDARPR,TEA
9100TTNHMHL,TOM
9100TULLOCH,TUL
9100TULSEH,TUH
9100TUNWELL,TBW
9100TURKYST,TUR
9100TUTBURY,TUT
9100TWCKNHM,TWI
9100TWDBANK,TWB
9100TWYFORD,TWY
9100TYCROES,TYC
9100TYGLAS,TGS
9100TYGWYN,TYG
9100TYNDRML,TYL
9100TYNDRMU,UTY
9100TYSL,TYS
9100TYWYN,TYW
9100UCKFILD,UCK
9100UDNGSTN,UDD
9100UHALIFD,UPH
9100ULCEBY,ULC
9100ULESKLF,ULL
9100ULVRSTN,ULV
9100UMBRLGH,UMB
9100UNVRSYB,UNI
9100UPHALL,UHA
9100UPHOLND,UPL
9100UPMNSP6,UPM
9100UPMNSTR,UPM
9100UPRHLWY,UHL
9100UPTON,UPT
9100UPWEY,UPW
9100URMSTON,URM
9100UTOXETR,UTT
9100UWRLNGH,UWL
9100VALLEY,VAL
9100VAUXHLM,VXH
9100VAUXHLW,VXH
9100VICTRIC,VIC
9100VICTRIE,VIC
9100VRGNWTR,VIR
9100WADDON,WDO
9100WADHRST,WAD
9100WAINFLT,WFL
9100WALAGRD,WLG
9100WALASYV,WLV
9100WALERTN,WSA
9100WALHAMX,WLC
9100WALKDEN,WKD
9100WALLYFD,WAF
9100WALMER,WAM
9100WALNGTN,WLT
9100WALSALL,WSL
9100WALTONM,WAO
9100WANBRO,WAN
9100WANDCMN,WSW
9100WAPPING,WPE
9100WARE,WAR
9100WARGRAV,WGV
9100WARHAM,WRM
9100WARNHAM,WNH
9100WARWICK,WRW
9100WARWPWY,WRP
9100WATBECH,WBC
9100WATFDHS,WFH
9100WATFDJ,WFJ
9100WATFDN,WFN
9100WATFJDC,WFJ
9100WATLGTN,WTG
9100WATONAS,WAS
9100WATRLMN,WAT
9100WATSTND,WTS
9100WAUNGRN,WNG
9100WBRMPTN,WBP
9100WBYFLET,WBY
9100WCALDER,WCL
9100WCHAPEL,ZWL
9100WCHR,WTC
9100WCKHMMR,WCM
9100WCLIFF,WCF
9100WCOMBEP,WCB
9100WCROYDN,WCY
9100WDEN,WDN
9100WDGRNPK,WGR
9100WDHAMFR,SOF
9100WDHOUSE,WDH
9100WDLESFD,WDS
9100WDMNSTR,WME
9100WDND,WDE
9100WDNYMNR,WMR
9100WDON,WIM
9100WDRNGTN,WDD
9100WDRYTON,WDT
9100WDST,WST
9100WDULWCH,WDU
9100WDWTOWN,WNT
9100WEALING,WEA
9100WEDGWD,WED
9100WEELEY,WEE
9100WEETON,WET
9100WELHAMG,WMG
9100WELLING,WLI
9100WELNGTN,WLN
9100WELSHPL,WLP
9100WEMBLSM,WCX
9100WEMM,WEM
9100WEMYSSB,WMS
9100WENDOVR,WND
9100WENHNGR,WHA
9100WENNGTN,WNN
9100WESGTOS,WGA
9100WESTRTN,WES
9100WETHERL,WRL
9100WEYBDGB,WYB
9100WEYBDGE,WYB
9100WEYMTH,WEY
9100WGSTS,SWS
9100WHAILES,WTA
9100WHALLEY,WHE
9100WHALYBG,WBR
9100WHAMHL,WEH
9100WHCH,WHT
9100WHHL,WDL
9100WHHRTLA,WHL
9100WHIFLET,WFF
9100WHIMPLE,WHM
9100WHINH,WNL
9100WHISTON,WHN
9100WHITHVN,WTH
9100WHLAND,WTL
9100WHLE,WTE
9100WHMDSTD,WHD
9100WHMPSTM,WHP
9100WHORNDN,WHR
9100WHSTBLE,WHI
9100WHTBDGE,WBD
9100WHTCHRH,WCH
9100WHTLSEA,WLE
9100WHTTON,WTN
9100WHWLL,WWL
9100WHYTELF,WHY
9100WHYTLFS,WHS
9100WICK,WCK
9100WIDNES,WID
9100WIGANNW,WGN
9100WIGANWL,WGW
9100WIGTON,WGT
9100WIKFORD,WIC
9100WILMCOT,WMC
9100WILNECT,WNE
9100WIMBLDN,WIM
9100WIMLCHS,WBO
9100WINCHLS,WSE
9100WINDSEC,WNC
9100WINERSH,WNS
9100WINETGL,WTI
9100WISHAW,WSH
9100WITHAME,WTM
9100WITLEY,WTY
9100WITTON,WTT
9100WIVENHO,WIV
9100WKFLDKG,WKK
9100WKFLDWG,WKF
9100WKILBRD,WKB
9100WKIRBY,WKI
9100WKNT,WKG
9100WLDMILL,WMI
9100WLDNGHM,WOH
9100WLMSL,WML
9100WLNGBRO,WEL
9100WLNTNON,WIL
9100WLOE,WAE
9100WLOO,WLO
9100WLSDJHL,WIJ
9100WLSDNJL,WIJ
9100WLTHQRD,WMW
9100WLTWCEN,WHC
9100WLVR,WOL
9100WLWYNGC,WGC
9100WLWYNN,WLW
9100WMALING,WMA
9100WMBY,WMB
9100WMBYDC,WMB
9100WMER,WDM
9100WMILTON,WNM
9100WMOR,WSR
9100WMWD,WLM
9100WNCFILD,WNF
9100WNCHSTR,WIN
9100WNDSWRD,WWR
9100WNMHILL,WIH
9100WNORWOD,WNW
9100WNOTLEY,WNY
9100WNSFD,WSF
9100WNSTDPK,WNP
9100WOBURNS,WOB
9100WODBDGE,WDB
9100WOKING,WOK
9100WOKNGHM,WKM
9100WOLSHAM,WLH
9100WOLSTON,WLS
9100WOLWCDY,WWD
9100WOLWCHA,WWA
9100WOMBWEL,WOM
9100WONNAZE,WON
9100WONT,WAL
9100WOODLEY,WLY
9100WOOL,WOO
9100WORCPWY,WOP
9100WORCSFS,WOF
9100WORCSSH,WOS
9100WORKSOP,WRK
9100WORLE,WOR
9100WORSTED,WRT
9100WORTHNG,WRH
9100WOTONWN,WWW
9100WRABNES,WRB
9100WRBLNGT,WBL
9100WRCSTRP,WCP
9100WRENBRY,WRE
9100WRESSLE,WRS
9100WREXHMC,WXC
9100WREXHMG,WRX
9100WRGT,WAC
9100WRGTNBQ,WBQ
9100WRGTWST,WAW
9100WRMNSTR,WMN
9100WROXHAM,HXM
9100WRPLSDN,WPL
9100WRUISLP,WRU
9100WRUNTON,WRN
9100WRYSBRY,WRY
9100WSLE,WLD
9100WSMARE,WSM
9100WSORAER,WNR
9100WSTBRYW,WSB
9100WSTHOTN,WHG
9100WSTRFLD,WFI
9100WSUTTON,WSU
9100WTBY,WTB
9100WTCR,WCR
9100WTLESFD,WLF
9100WTRNGBY,WTR
9100WTRORTN,WTO
9100WVLSFLD,WVF
9100WVRMPTN,WVH
9100WVRTTEC,WAV
9100WWICKHM,WWI
9100WWRTHNG,WWO
9100WYEE,WYE
9100WYGN,WYL
9100WYLAM,WYM
9100WYMNDHM,WMD
9100WYTH,WYT
9100YAAM,YRM
9100YALDING,YAL
9100YARMTH,GYM
9100YATE,YAE
9100YATTON,YAT
9100YEOFORD,YEO
9100YNYSWEN,YNW
9100YOKER,YOK
9100YORK,YRK
9100YORTON,YRT
9100YOVILJN,YVJ
9100YOVILPM,YVP
9100YRDLYWD,YRD
9100YSTRADM,YSM
9100YTMNSTR,YET
9100YTRHOND,YSR
9100ZZTYALS,ZZT
9100ZZTYKKH,ZZT
9100ZZTYLIN,ZZT
9100ABWDXR,ABX
9100BONDST,BDS
9100CANWHRF,CWX
9100FRNDXR,FDX
9100LIVSTLL,LSX
9100PADTLL,PDX
9100TOTCTRD,TCR
9100WCHAPXR,WHX
9100WOLWXR,WWC
9100CSTMHSXR,CUS
9100BKRVS,BGV
9100PTWYPR,PRI
9100LEVEN,LEV
9100CMRNBDG,CBX
